duration,src_bytes,dst_bytes,original_target,intrusion
4.096009841541162,5.5801071132949795,5.313698468586339,normal.,0
-2.3025850929940455,5.627980761239919,6.049969276480545,normal.,0
-2.3025850929940455,5.318610069815799,7.114850745874739,normal.,0
-2.3025850929940455,5.652839995918626,7.4343164471341865,normal.,0
-2.3025850929940455,6.1781515614115765,9.11373034774,normal.,0
-2.3025850929940455,5.768633446975818,5.937800022522289,normal.,0
-2.3025850929940455,5.429784129290343,7.095147292589197,normal.,0
-2.3025850929940455,5.727173427446777,10.180820001928216,normal.,0
-2.3025850929940455,5.43415858945945,9.440586639177399,normal.,0
-2.3025850929940455,5.743323649276734,7.505547278725227,normal.,0
-2.3025850929940455,5.642261618007951,5.9482960517066035,normal.,0
-2.3025850929940455,5.481055503227208,7.2605928696896145,normal.,0
-2.3025850929940455,5.677096209393695,7.762213159424332,normal.,0
-2.3025850929940455,5.733664849138071,7.870586026291187,normal.,0
-2.3025850929940455,5.352331954854275,8.766877402726355,normal.,0
-2.3025850929940455,5.749711406544601,7.725374187052922,normal.,0
-2.3025850929940455,5.891920416771596,9.300098805681444,normal.,0
-2.3025850929940455,5.694068782468562,5.921846480227112,normal.,0
-2.3025850929940455,5.74652262833236,10.070191960684971,normal.,0
-2.3025850929940455,5.663307642090483,8.737468633634938,normal.,0
-2.3025850929940455,5.680513847716846,8.337372504837848,normal.,0
-2.3025850929940455,5.333201768401539,6.946110232858601,normal.,0
-2.3025850929940455,5.743323649276734,8.556625420659952,normal.,0
-2.3025850929940455,5.501666290534067,6.2128064764755635,normal.,0
-2.3025850929940455,5.6598305871270185,8.402253609311417,normal.,0
-2.3025850929940455,5.4120923808068815,7.413427647507327,normal.,0
-2.3025850929940455,10.824728014261197,9.025708147644988,back.,1
2.5726122302071057,10.906691489914584,9.025708147644988,back.,1
-2.3025850929940455,5.521860837883573,7.645923625189603,normal.,0
-2.3025850929940455,5.371103036273684,7.344137489725023,normal.,0
-2.3025850929940455,5.74652262833236,7.002246942074855,normal.,0
-2.3025850929940455,5.707442435487688,6.89172751790494,normal.,0
-2.3025850929940455,5.472690753492817,10.438842848789204,normal.,0
-2.3025850929940455,5.54556799320548,7.928802344032635,normal.,0
-2.3025850929940455,5.513831890697755,7.684829919477369,normal.,0
-2.3025850929940455,5.714062784063757,8.07778859987851,normal.,0
-2.3025850929940455,5.663307642090483,10.436996943244203,normal.,0
-2.3025850929940455,5.252796851246227,7.4742615585746845,normal.,0
-2.3025850929940455,5.509793112994564,9.871021177398294,normal.,0
-2.3025850929940455,5.476881874464279,9.297810810247723,normal.,0
-2.3025850929940455,5.743323649276734,7.41403056564931,normal.,0
-2.3025850929940455,6.021266038344772,8.822484310553875,normal.,0
-2.3025850929940455,5.553347106724568,9.15810979637253,normal.,0
-2.3025850929940455,5.687314281948894,10.270492458229395,normal.,0
-2.3025850929940455,5.347583607850955,7.442551303386707,normal.,0
-2.3025850929940455,5.690697235107546,8.422244946105721,normal.,0
-2.3025850929940455,5.849612922867741,7.056261487281361,normal.,0
-2.3025850929940455,5.247550249494384,7.5694633907067015,normal.,0
-2.3025850929940455,5.768633446975818,7.628566263524556,normal.,0
-2.3025850929940455,5.710758088392627,7.4091970114377865,normal.,0
-2.3025850929940455,5.464255444091467,6.728748223156012,normal.,0
-2.3025850929940455,5.338018733399589,7.417640460671071,normal.,0
-2.3025850929940455,10.88196591937912,8.895643325672793,back.,1
-2.3025850929940455,5.303802296778606,6.618872485953837,normal.,0
-2.3025850929940455,5.521860837883573,11.293065267545472,normal.,0
-2.3025850929940455,5.236973736306985,10.135079316990357,normal.,0
-2.3025850929940455,5.407620101438487,9.089877498760535,normal.,0
-2.3025850929940455,5.781052110147502,8.579811119394943,normal.,0
-2.3025850929940455,5.425390449111513,7.462846561046113,normal.,0
-2.3025850929940455,5.338018733399589,7.921209018568924,normal.,0
-2.3025850929940455,5.0632277442154265,10.241069887056321,normal.,0
-2.3025850929940455,5.442850517280335,6.624198021107306,normal.,0
-2.3025850929940455,5.357057861570636,5.771752601095469,normal.,0
-2.3025850929940455,5.5258512661635395,8.119726014419134,normal.,0
-2.3025850929940455,5.303802296778606,6.775480239672318,normal.,0
-2.3025850929940455,5.429784129290343,7.439030379615537,normal.,0
-2.3025850929940455,5.733664849138071,8.776491221326012,normal.,0
-2.3025850929940455,5.361761539104571,9.885786814721767,normal.,0
-2.3025850929940455,5.323497665078335,5.568726110329361,normal.,0
-2.3025850929940455,5.620763118936109,8.267731331784153,normal.,0
-2.3025850929940455,5.652839995918626,7.198258368620619,normal.,0
-2.3025850929940455,5.371103036273684,9.374251831453877,normal.,0
-2.3025850929940455,5.54556799320548,7.8755372856444295,normal.,0
-2.3025850929940455,5.17105201550216,8.530918566034714,normal.,0
-2.3025850929940455,5.749711406544601,8.663904841575064,normal.,0
-2.3025850929940455,3.933784497209659,9.002959435340971,phf.,1
-2.3025850929940455,5.568726110329361,9.4666943028283,normal.,0
-2.3025850929940455,5.357057861570636,6.03572063836252,normal.,0
-2.3025850929940455,5.863915226161007,8.494149718247625,normal.,0
-2.3025850929940455,10.897111478511128,7.286260205507518,back.,1
-2.3025850929940455,5.730424405602622,5.945682354452854,normal.,0
-2.3025850929940455,5.394081988532416,8.439037036415947,normal.,0
-2.3025850929940455,5.342812606434588,8.004398964555403,normal.,0
-2.3025850929940455,5.572534188046247,5.8114403493627105,normal.,0
-2.3025850929940455,5.455748374496865,6.344056165609079,normal.,0
-2.3025850929940455,5.323497665078335,7.426013214565423,normal.,0
-2.3025850929940455,5.460010955546024,5.236973736306985,normal.,0
-2.3025850929940455,5.687314281948894,7.236411334403344,normal.,0
-2.3025850929940455,5.3986150878634005,6.768608147571979,normal.,0
-2.3025850929940455,5.740114403903592,5.557214087568064,normal.,0
2.4932054526026954,3.933784497209659,9.002959435340971,phf.,1
-2.3025850929940455,5.46848199307136,7.245726391727086,normal.,0
-2.3025850929940455,5.460010955546024,9.387908984738958,normal.,0
-2.3025850929940455,5.455748374496865,9.228877492974593,normal.,0
-2.3025850929940455,5.840932312803435,5.541655625147766,normal.,0
-2.3025850929940455,5.371103036273684,7.881975238653928,normal.,0
-2.3025850929940455,5.730424405602622,5.756058619221572,normal.,0
-2.3025850929940455,5.165357239291806,10.441911806233374,normal.,0
-2.3025850929940455,5.323497665078335,10.913015407826384,normal.,0
-2.3025850929940455,5.394081988532416,5.568726110329361,normal.,0
5.371103036273684,5.557214087568064,5.61349300330874,normal.,0
-2.3025850929940455,5.357057861570636,10.23319050056299,normal.,0
-2.3025850929940455,5.6736668507515775,7.307939802646376,normal.,0
-2.3025850929940455,5.366443195595637,7.3771962499653965,normal.,0
-2.3025850929940455,5.112590016619249,10.45507404895447,normal.,0
-2.3025850929940455,5.366443195595637,5.99918467012312,normal.,0
-2.3025850929940455,5.4514675460417115,8.247770071747846,normal.,0
-2.3025850929940455,5.541655625147766,9.61387695500805,normal.,0
-2.3025850929940455,5.717356594683319,7.53908024589874,normal.,0
-2.3025850929940455,5.826295049131593,7.222639008859063,normal.,0
-2.3025850929940455,5.790265934544339,5.984188138137206,normal.,0
-2.3025850929940455,5.710758088392627,9.244751460482588,normal.,0
-2.3025850929940455,5.308762624409575,6.320948134193518,normal.,0
-2.3025850929940455,5.620763118936109,8.056458472790817,normal.,0
-2.3025850929940455,5.447168313280391,6.449047609478253,normal.,0
-2.3025850929940455,5.790265934544339,6.633450003571995,normal.,0
-2.3025850929940455,5.553347106724568,9.305023082235389,normal.,0
-2.3025850929940455,5.497577977398914,7.570494797120657,normal.,0
-2.3025850929940455,5.846727750641299,9.215835247458143,normal.,0
-2.3025850929940455,5.094363509626968,9.595337431444483,normal.,0
-2.3025850929940455,5.43415858945945,8.841607305923633,normal.,0
-2.3025850929940455,5.460010955546024,6.155070385705995,normal.,0
-2.3025850929940455,5.384953673207583,6.587687746386201,normal.,0
-2.3025850929940455,5.442850517280335,8.864195505939188,normal.,0
-2.3025850929940455,5.707442435487688,8.132735866465053,normal.,0
-2.3025850929940455,5.6458001921178536,7.911360675183001,normal.,0
-2.3025850929940455,5.501666290534067,6.8406534754414015,normal.,0
-2.3025850929940455,5.357057861570636,7.559090391727643,normal.,0
-2.3025850929940455,5.759217181544302,7.885366860837876,normal.,0
-2.3025850929940455,5.656341400056065,9.074188405789078,normal.,0
-2.3025850929940455,5.517854422268135,7.784930892127723,normal.,0
-2.3025850929940455,5.720639591722624,7.95546016370968,normal.,0
-2.3025850929940455,4.963543686562405,8.95958150362899,normal.,0
-2.3025850929940455,5.670225691127358,9.300373013679067,normal.,0
-2.3025850929940455,5.136386499401816,9.307113118072445,normal.,0
-2.3025850929940455,5.777961872830453,7.319268725624505,normal.,0
-2.3025850929940455,5.153869462182164,8.079958739619087,normal.,0
-2.3025850929940455,5.472690753492817,9.073156603253313,normal.,0
-2.3025850929940455,5.790265934544339,7.854031906346549,normal.,0
-2.3025850929940455,5.736894826106403,7.0725067145826275,normal.,0
-2.3025850929940455,5.843834230103957,7.565327094028162,normal.,0
-2.3025850929940455,5.288771953704505,7.480484706062943,normal.,0
-2.3025850929940455,5.303802296778606,9.08580836314846,normal.,0
-2.3025850929940455,5.620763118936109,9.203728562055124,normal.,0
-2.3025850929940455,5.472690753492817,7.0725067145826275,normal.,0
-2.3025850929940455,5.749711406544601,8.240938905696757,normal.,0
-2.3025850929940455,5.638710477912486,5.670225691127358,normal.,0
-2.3025850929940455,5.371103036273684,5.752890048763229,normal.,0
-2.3025850929940455,5.4120923808068815,8.17698197350817,normal.,0
-2.3025850929940455,5.43415858945945,10.796327450493536,normal.,0
-2.3025850929940455,5.74652262833236,5.583872177983643,normal.,0
-2.3025850929940455,5.697429000684026,5.875211590283732,normal.,0
-2.3025850929940455,5.710758088392627,7.219715243893441,normal.,0
-2.3025850929940455,5.43851399704132,9.977532308406028,normal.,0
-2.3025850929940455,5.460010955546024,6.957592513829309,normal.,0
-2.3025850929940455,5.979138897417345,9.219805436591882,normal.,0
-2.3025850929940455,5.493472881322077,8.961250610145958,normal.,0
-2.3025850929940455,5.670225691127358,7.767729595377388,normal.,0
-2.3025850929940455,5.338018733399589,7.73983797356286,normal.,0
-2.3025850929940455,5.328361487896413,8.044016533435004,normal.,0
-2.3025850929940455,5.318610069815799,6.931569457081392,normal.,0
-2.3025850929940455,5.323497665078335,5.790265934544339,normal.,0
-2.3025850929940455,5.333201768401539,9.885634124316535,normal.,0
-2.3025850929940455,5.572534188046247,8.024894872264131,normal.,0
-2.3025850929940455,5.81740873473106,7.085985142872835,normal.,0
-2.3025850929940455,5.403127730900382,7.252124821063715,normal.,0
-2.3025850929940455,5.464255444091467,6.176075148705408,normal.,0
-2.3025850929940455,5.447168313280391,6.826653677545096,normal.,0
-2.3025850929940455,5.670225691127358,8.26232674790608,normal.,0
-2.3025850929940455,5.717356594683319,7.183187629005001,normal.,0
-2.3025850929940455,5.749711406544601,7.709353195546886,normal.,0
-2.3025850929940455,5.911067610035953,10.163815128977292,normal.,0
-2.3025850929940455,5.159629846774143,7.5822801354139875,normal.,0
-2.3025850929940455,5.4120923808068815,5.897428555181388,normal.,0
-2.3025850929940455,5.6315701405422764,8.219353033198397,normal.,0
-2.3025850929940455,5.8321756894246,7.7778345190515985,normal.,0
-2.3025850929940455,5.380358076884246,8.153666254671126,normal.,0
-2.3025850929940455,5.247550249494384,11.070585250620757,normal.,0
-2.3025850929940455,6.061689991997479,9.231426488972442,normal.,0
-2.3025850929940455,5.6598305871270185,9.227403957402062,normal.,0
-2.3025850929940455,5.6736668507515775,8.06843428639978,normal.,0
-2.3025850929940455,5.489350863944013,7.987218726589264,normal.,0
-2.3025850929940455,4.991112627607392,9.848614173074306,normal.,0
-2.3025850929940455,5.723911845951367,8.977411601177172,normal.,0
-2.3025850929940455,5.670225691127358,8.776336890811477,normal.,0
-2.3025850929940455,5.231643233280044,6.877399158967238,normal.,0
-2.3025850929940455,5.799395638859147,6.8701572485668185,normal.,0
-2.3025850929940455,5.394081988532416,8.65313916658865,normal.,0
-2.3025850929940455,5.74652262833236,7.7778345190515985,normal.,0
-2.3025850929940455,5.333201768401539,7.40677144478863,normal.,0
-2.3025850929940455,10.560180788905162,8.895643325672793,back.,1
-2.3025850929940455,5.4165447479126865,6.4817302569086115,normal.,0
-2.3025850929940455,5.663307642090483,5.68391984555995,normal.,0
-2.3025850929940455,5.840932312803435,9.385897434413113,normal.,0
-2.3025850929940455,5.323497665078335,6.785700632974831,normal.,0
-2.3025850929940455,10.00893256462403,9.02582841801292,back.,1
-2.3025850929940455,5.808442745199634,6.785700632974831,normal.,0
-2.3025850929940455,5.687314281948894,7.994666037675906,normal.,0
-2.3025850929940455,5.6315701405422764,7.692615267465282,normal.,0
-2.3025850929940455,5.897428555181388,6.0428703351678825,normal.,0
-2.3025850929940455,5.403127730900382,9.865531239691768,normal.,0
-2.3025850929940455,5.572534188046247,5.869579359117858,normal.,0
-2.3025850929940455,5.403127730900382,7.731535907177285,normal.,0
-2.3025850929940455,5.493472881322077,5.891920416771596,normal.,0
-2.3025850929940455,5.849612922867741,7.450718900275935,normal.,0
-2.3025850929940455,5.493472881322077,5.568726110329361,normal.,0
-2.3025850929940455,5.743323649276734,7.658274739399952,normal.,0
-2.3025850929940455,5.318610069815799,6.403739747144695,normal.,0
-2.3025850929940455,5.680513847716846,5.690697235107546,normal.,0
-2.3025850929940455,5.476881874464279,8.447650168623804,normal.,0
-2.3025850929940455,5.420977379283924,6.137943013486706,normal.,0
-2.3025850929940455,5.1480757032174935,7.945945008751059,normal.,0
-2.3025850929940455,5.442850517280335,5.680513847716846,normal.,0
-2.3025850929940455,5.820379622240015,7.113223538616339,normal.,0
-2.3025850929940455,5.733664849138071,8.16738036349795,normal.,0
-2.3025850929940455,5.677096209393695,7.749796490223519,normal.,0
-2.3025850929940455,5.781052110147502,9.499728488307154,normal.,0
-2.3025850929940455,5.730424405602622,6.815749633186113,normal.,0
-2.3025850929940455,5.338018733399589,6.433100851520974,normal.,0
-2.3025850929940455,5.263208189434469,7.123753362135475,normal.,0
-2.3025850929940455,5.403127730900382,7.293765699256166,normal.,0
-2.3025850929940455,5.823341709713841,6.999513704221678,normal.,0
-2.3025850929940455,5.6315701405422764,9.273887777120521,normal.,0
-2.3025850929940455,5.3757412635128405,7.3588945905814755,normal.,0
-2.3025850929940455,5.924523141354101,7.004972729697496,normal.,0
-2.3025850929940455,5.872399439949042,7.893609386241609,normal.,0
-2.3025850929940455,5.624378451868933,7.546499070662696,normal.,0
-2.3025850929940455,5.472690753492817,8.153953892019942,normal.,0
-2.3025850929940455,5.004617221770693,10.135436224745389,normal.,0
-2.3025850929940455,5.6736668507515775,6.107245580093692,normal.,0
-2.3025850929940455,10.89785166962525,8.895643325672793,back.,1
-2.3025850929940455,5.3986150878634005,6.196647773045199,normal.,0
-2.3025850929940455,5.704115752446321,7.4091970114377865,normal.,0
-2.3025850929940455,5.591360045241914,9.384722158717688,normal.,0
-2.3025850929940455,5.247550249494384,7.562733193424579,normal.,0
-2.3025850929940455,5.268373490174964,4.852811208902689,normal.,0
-2.3025850929940455,5.472690753492817,6.634764755273346,normal.,0
-2.3025850929940455,5.338018733399589,8.005400433460041,normal.,0
-2.3025850929940455,5.743323649276734,6.980168959491182,normal.,0
-2.3025850929940455,5.333201768401539,5.68391984555995,normal.,0
-2.3025850929940455,5.420977379283924,8.810026971007622,normal.,0
-2.3025850929940455,5.838021949864404,7.164797715301805,normal.,0
-2.3025850929940455,5.777961872830453,8.975389892397938,normal.,0
-2.3025850929940455,5.730424405602622,6.980168959491182,normal.,0
-2.3025850929940455,5.509793112994564,6.838512376239977,normal.,0
-2.3025850929940455,5.717356594683319,7.8268819856755005,normal.,0
-2.3025850929940455,5.690697235107546,13.137319179759016,normal.,0
0.09531017980432493,10.720181128641562,8.384826834160096,back.,1
-2.3025850929940455,5.293807211070151,7.085985142872835,normal.,0
-2.3025850929940455,5.826295049131593,5.472690753492817,normal.,0
-2.3025850929940455,5.808442745199634,7.091825306310208,normal.,0
-2.3025850929940455,5.384953673207583,7.3409004028636105,normal.,0
-2.3025850929940455,5.59879226079857,5.6315701405422764,normal.,0
-2.3025850929940455,5.447168313280391,9.526106859323589,normal.,0
-2.3025850929940455,5.697429000684026,6.842790000129778,normal.,0
-2.3025850929940455,5.044070070182493,6.434707019550176,normal.,0
-2.3025850929940455,5.6315701405422764,7.904002560972219,normal.,0
-2.3025850929940455,5.61349300330874,9.532720928468676,normal.,0
-2.3025850929940455,5.855358414110991,6.586309576377547,normal.,0
-2.3025850929940455,5.210032451680465,7.905847171544692,normal.,0
-2.3025850929940455,5.861071083174386,7.52191336329171,normal.,0
-2.3025850929940455,5.649326288860142,5.9482960517066035,normal.,0
-2.3025850929940455,5.366443195595637,7.731974580635803,normal.,0
-2.3025850929940455,5.549465114271844,7.962102151352231,normal.,0
-2.3025850929940455,5.130490255904535,9.2207955258798,normal.,0
-2.3025850929940455,5.656341400056065,6.429880755355832,normal.,0
-2.3025850929940455,5.777961872830453,6.342297459563081,normal.,0
-2.3025850929940455,5.425390449111513,6.361475174231744,normal.,0
-2.3025850929940455,5.727173427446777,6.713077699978598,normal.,0
-2.3025850929940455,5.5649034757050835,9.215636323635366,normal.,0
-2.3025850929940455,5.489350863944013,6.48478789573783,normal.,0
-2.3025850929940455,5.43415858945945,8.928786152490517,normal.,0
-2.3025850929940455,6.410339342126064,6.791333815964886,normal.,0
-2.3025850929940455,10.096258490554389,8.895643325672793,back.,1
-2.3025850929940455,5.493472881322077,6.64911407531477,normal.,0
-2.3025850929940455,5.759217181544302,7.310617001220186,normal.,0
-2.3025850929940455,5.43415858945945,7.468570347493042,normal.,0
-2.3025850929940455,5.176714544788788,9.834464323445532,normal.,0
-2.3025850929940455,5.714062784063757,9.495000382595641,normal.,0
-2.3025850929940455,5.1065513509260825,10.261445173492858,normal.,0
-2.3025850929940455,5.723911845951367,6.222774661088585,normal.,0
-2.3025850929940455,5.323497665078335,6.378595948527642,normal.,0
-2.3025850929940455,5.756058619221572,7.273161989844316,normal.,0
-2.3025850929940455,5.777961872830453,9.01919197297927,normal.,0
-2.3025850929940455,5.2988172415896875,8.758899385877667,normal.,0
-2.3025850929940455,5.714062784063757,6.824482359788315,normal.,0
-2.3025850929940455,5.765504533284198,5.236973736306985,normal.,0
-2.3025850929940455,5.733664849138071,5.984188138137206,normal.,0
-2.3025850929940455,5.288771953704505,7.646879145782107,normal.,0
-2.3025850929940455,5.774862056337153,8.697696429403408,normal.,0
-2.3025850929940455,5.720639591722624,6.356281256738337,normal.,0
-2.3025850929940455,10.770842209596411,7.979373141251269,back.,1
-2.3025850929940455,5.749711406544601,5.727173427446777,normal.,0
-2.3025850929940455,5.774862056337153,7.503344755947277,normal.,0
-2.3025850929940455,5.333201768401539,7.56429034104535,normal.,0
-2.3025850929940455,5.308762624409575,6.315538817000633,normal.,0
-2.3025850929940455,5.403127730900382,8.679499098226291,normal.,0
-2.3025850929940455,10.552789945369643,8.895643325672793,back.,1
-2.3025850929940455,5.3895282466014205,7.226281734728899,normal.,0
-2.3025850929940455,5.680513847716846,8.06592495350626,normal.,0
-2.3025850929940455,5.481055503227208,9.672192114697829,normal.,0
-2.3025850929940455,5.425390449111513,9.934215573887151,normal.,0
-2.3025850929940455,5.6315701405422764,7.574096365121576,normal.,0
-2.3025850929940455,5.638710477912486,6.4152606119008695,normal.,0
-2.3025850929940455,10.906691489914584,9.02582841801292,back.,1
-2.3025850929940455,5.840932312803435,5.587623120115915,normal.,0
-2.3025850929940455,5.720639591722624,6.833139485601347,normal.,0
-2.3025850929940455,5.609838028479659,5.652839995918626,normal.,0
-2.3025850929940455,5.8667513029343406,5.846727750641299,normal.,0
-2.3025850929940455,5.352331954854275,5.968963281761469,normal.,0
1.1314021114911006,4.997887721273753,10.467297390279018,normal.,0
-2.3025850929940455,5.485211785187126,7.7053075188968725,normal.,0
-2.3025850929940455,5.313698468586339,7.0992843165270045,normal.,0
-2.3025850929940455,5.455748374496865,7.084310240881755,normal.,0
-2.3025850929940455,5.384953673207583,7.054536010190332,normal.,0
-2.3025850929940455,5.4120923808068815,8.679499098226291,normal.,0
-2.3025850929940455,5.472690753492817,8.49619424882018,normal.,0
-2.3025850929940455,5.313698468586339,10.380625050125458,normal.,0
-2.3025850929940455,5.318610069815799,6.744176965005318,normal.,0
-2.3025850929940455,5.46848199307136,6.835292107248422,normal.,0
-2.3025850929940455,5.43851399704132,8.931433022129157,normal.,0
-2.3025850929940455,5.371103036273684,6.144400203378695,normal.,0
-2.3025850929940455,5.697429000684026,7.413427647507327,normal.,0
-2.3025850929940455,5.371103036273684,6.408693522136389,normal.,0
-2.3025850929940455,5.710758088392627,8.056141374868321,normal.,0
-2.3025850929940455,4.984291318756654,6.965174769849623,normal.,0
-2.3025850929940455,5.472690753492817,7.717395774977887,normal.,0
-2.3025850929940455,5.258016069774511,7.780762656339933,normal.,0
-2.3025850929940455,5.472690753492817,8.81315588469924,normal.,0
-2.3025850929940455,5.4514675460417115,6.8618160470406915,normal.,0
-2.3025850929940455,5.697429000684026,5.74652262833236,normal.,0
-2.3025850929940455,5.799395638859147,6.774338165541786,normal.,0
-2.3025850929940455,5.460010955546024,8.5717003159149,normal.,0
-2.3025850929940455,5.768633446975818,7.544913949333227,normal.,0
-2.3025850929940455,5.513831890697755,6.67089305552699,normal.,0
-2.3025850929940455,5.638710477912486,6.021266038344772,normal.,0
-2.3025850929940455,5.687314281948894,10.232866836394104,normal.,0
-2.3025850929940455,5.7623657987550985,7.355704998696456,normal.,0
-2.3025850929940455,5.697429000684026,6.2501682738207425,normal.,0
-2.3025850929940455,5.442850517280335,5.5649034757050835,normal.,0
-2.3025850929940455,5.08821342874163,6.157190827552241,normal.,0
-2.3025850929940455,5.288771953704505,8.261035625483267,normal.,0
-2.3025850929940455,5.118592435601348,9.453764867547322,normal.,0
-2.3025850929940455,5.777961872830453,8.706837868589973,normal.,0
-2.3025850929940455,10.498362921988095,9.025708147644988,back.,1
-2.3025850929940455,5.323497665078335,5.787204082795274,normal.,0
-2.3025850929940455,5.677096209393695,9.016767758752207,normal.,0
2.4932054526026954,9.48342390235972,7.286260205507518,back.,1
-2.3025850929940455,5.723911845951367,7.947360387070215,normal.,0
2.4069451083182885,10.906691489914584,9.025708147644988,back.,1
-2.3025850929940455,5.805436128382701,11.026468824196428,normal.,0
-2.3025850929940455,5.252796851246227,6.131443857161423,normal.,0
-2.3025850929940455,5.485211785187126,7.742879338437632,normal.,0
-2.3025850929940455,5.394081988532416,9.400721033438039,normal.,0
-2.3025850929940455,5.666772649022301,7.449556177047448,normal.,0
-2.3025850929940455,5.384953673207583,6.715504591110298,normal.,0
-2.3025850929940455,5.704115752446321,8.512401730680107,normal.,0
-2.3025850929940455,5.8667513029343406,7.2123682120938994,normal.,0
-2.3025850929940455,5.476881874464279,8.799525981936803,normal.,0
-2.3025850929940455,5.787204082795274,7.469711183849735,normal.,0
-2.3025850929940455,5.4120923808068815,7.865610129933985,normal.,0
-2.3025850929940455,5.318610069815799,5.6458001921178536,normal.,0
-2.3025850929940455,5.649326288860142,6.36492285908106,normal.,0
-2.3025850929940455,5.460010955546024,6.308280574284827,normal.,0
-2.3025850929940455,5.328361487896413,5.371103036273684,normal.,0
-2.3025850929940455,5.3895282466014205,6.8586700712916455,normal.,0
-2.3025850929940455,5.3986150878634005,9.464292429763105,normal.,0
-2.3025850929940455,10.906691489914584,7.979373141251269,back.,1
-2.3025850929940455,5.656341400056065,6.787957715526542,normal.,0
-2.3025850929940455,5.226284163648205,9.239131889638925,normal.,0
-2.3025850929940455,5.318610069815799,9.621197583198724,normal.,0
-2.3025850929940455,5.3757412635128405,6.463185450993212,normal.,0
2.2082744135228043,10.906691489914584,9.025708147644988,back.,1
-2.3025850929940455,5.82923969201315,9.281274025593202,normal.,0
-2.3025850929940455,5.765504533284198,11.249533973085262,normal.,0
-2.3025850929940455,5.82923969201315,8.09379830114209,normal.,0
-2.3025850929940455,10.858847062945161,8.895643325672793,back.,1
-2.3025850929940455,5.768633446975818,7.92374653896191,normal.,0
-2.3025850929940455,5.8114403493627105,7.886118995054071,normal.,0
-2.3025850929940455,5.513831890697755,6.962338156752429,normal.,0
-2.3025850929940455,5.323497665078335,6.836366682894484,normal.,0
-2.3025850929940455,6.14010004624713,9.217127288665157,normal.,0
-2.3025850929940455,5.50573795739701,10.048457648036475,normal.,0
-2.3025850929940455,5.425390449111513,7.404339980457785,normal.,0
-2.3025850929940455,5.717356594683319,7.684370064783345,normal.,0
-2.3025850929940455,5.273512247629066,7.884990581483647,normal.,0
-2.3025850929940455,5.394081988532416,8.140927597712501,normal.,0
-2.3025850929940455,5.263208189434469,6.587687746386201,normal.,0
-2.3025850929940455,5.781052110147502,5.902906520126191,normal.,0
-2.3025850929940455,5.19351225218191,6.704536896475197,normal.,0
-2.3025850929940455,5.308762624409575,8.365928343567436,normal.,0
-2.3025850929940455,5.236973736306985,8.881155517765537,normal.,0
-2.3025850929940455,5.429784129290343,7.904002560972219,normal.,0
2.0918640616783932,10.906691489914584,9.025708147644988,back.,1
-2.3025850929940455,10.505070279292857,8.384826834160096,back.,1
-2.3025850929940455,5.704115752446321,5.5610661724546055,normal.,0
-2.3025850929940455,5.447168313280391,7.2605928696896145,normal.,0
-2.3025850929940455,5.790265934544339,6.322744757026769,normal.,0
-2.3025850929940455,5.707442435487688,5.730424405602622,normal.,0
-2.3025850929940455,5.649326288860142,7.726256760694784,normal.,0
-2.3025850929940455,5.442850517280335,7.550713817958795,normal.,0
-2.3025850929940455,5.5649034757050835,7.150779885889496,normal.,0
-2.3025850929940455,5.497577977398914,7.166343191229542,normal.,0
-2.3025850929940455,5.118592435601348,8.948468986024118,normal.,0
-2.3025850929940455,5.342812606434588,5.541655625147766,normal.,0
-2.3025850929940455,5.609838028479659,8.029465413340647,normal.,0
-2.3025850929940455,5.784132827309859,5.908354640384975,normal.,0
-2.3025850929940455,5.303802296778606,11.04348327808623,normal.,0
0.09531017980432493,5.59879226079857,5.609838028479659,normal.,0
-2.3025850929940455,5.4514675460417115,5.635146682266063,normal.,0
-2.3025850929940455,5.252796851246227,7.997024052647094,normal.,0
-2.3025850929940455,5.8114403493627105,9.47278924824861,normal.,0
-2.3025850929940455,5.787204082795274,6.439510102751265,normal.,0
-2.3025850929940455,5.627980761239919,8.991823600588964,normal.,0
-2.3025850929940455,5.743323649276734,7.4770950638140095,normal.,0
-2.3025850929940455,5.50573795739701,6.093795478205444,normal.,0
-2.3025850929940455,5.6315701405422764,7.294445231763968,normal.,0
-2.3025850929940455,5.989212012054688,7.133375760171239,normal.,0
-2.3025850929940455,10.897111478511128,8.895643325672793,back.,1
-2.3025850929940455,5.694068782468562,6.028519455058993,normal.,0
-2.3025850929940455,5.784132827309859,5.81740873473106,normal.,0
-2.3025850929940455,5.6736668507515775,8.941950992904811,normal.,0
-2.3025850929940455,5.403127730900382,9.547391012718048,normal.,0
-2.3025850929940455,5.54556799320548,9.414023797333932,normal.,0
-2.3025850929940455,5.7623657987550985,8.187883244254417,normal.,0
-2.3025850929940455,5.3986150878634005,6.466300233140817,normal.,0
-2.3025850929940455,5.617134667930529,9.918282564590381,normal.,0
-2.3025850929940455,5.323497665078335,7.147637946300623,normal.,0
-2.3025850929940455,5.81740873473106,9.13864026781097,normal.,0
-2.3025850929940455,5.652839995918626,8.691163305121133,normal.,0
-2.3025850929940455,5.08821342874163,7.583807164113445,normal.,0
-2.3025850929940455,5.6598305871270185,8.416289396475353,normal.,0
-2.3025850929940455,5.252796851246227,5.59879226079857,normal.,0
-2.3025850929940455,10.906691489914584,9.025708147644988,back.,1
-2.3025850929940455,5.723911845951367,6.3281153392157865,normal.,0
2.5726122302071057,10.841541733137044,8.384826834160096,back.,1
-2.3025850929940455,5.723911845951367,8.997530741301508,normal.,0
-2.3025850929940455,5.61349300330874,5.541655625147766,normal.,0
-2.3025850929940455,5.880812277004387,7.020280069823982,normal.,0
-2.3025850929940455,5.288771953704505,6.393757964050511,normal.,0
-2.3025850929940455,5.361761539104571,7.904002560972219,normal.,0
-2.3025850929940455,5.489350863944013,8.28629464772896,normal.,0
-2.3025850929940455,10.906691489914584,8.895643325672793,back.,1
-2.3025850929940455,5.793318439967056,7.780344875585193,normal.,0
-2.3025850929940455,10.281927412908043,7.979373141251269,back.,1
-2.3025850929940455,5.855358414110991,7.649263960419961,normal.,0
-2.3025850929940455,5.460010955546024,6.948033125480707,normal.,0
-2.3025850929940455,5.929855065476291,7.31528492113918,normal.,0
-2.3025850929940455,5.407620101438487,7.2284610178810995,normal.,0
-2.3025850929940455,5.8114403493627105,7.722279030708596,normal.,0
-2.3025850929940455,10.886541204736588,7.979373141251269,back.,1
-2.3025850929940455,5.687314281948894,5.826295049131593,normal.,0
-2.3025850929940455,5.784132827309859,5.971516909298286,normal.,0
-2.3025850929940455,5.710758088392627,7.675592405173526,normal.,0
-2.3025850929940455,5.771752601095469,9.06254776999939,normal.,0
-2.3025850929940455,5.2045559867335625,6.57242239305435,normal.,0
-2.3025850929940455,5.743323649276734,7.966968171867508,normal.,0
-2.3025850929940455,5.635146682266063,8.53151021201103,normal.,0
-2.3025850929940455,5.2988172415896875,7.261997265679167,normal.,0
-2.3025850929940455,5.485211785187126,7.3212546921186235,normal.,0
-2.3025850929940455,5.3895282466014205,6.8168454036222945,normal.,0
-2.3025850929940455,5.723911845951367,7.886118995054071,normal.,0
-2.3025850929940455,5.338018733399589,7.839171048601361,normal.,0
-2.3025850929940455,10.835968512489002,8.895643325672793,back.,1
-2.3025850929940455,5.805436128382701,5.226284163648205,normal.,0
-2.3025850929940455,5.752890048763229,7.47255759360486,normal.,0
2.2082744135228043,5.537727890326118,7.574096365121576,normal.,0
-2.3025850929940455,5.627980761239919,7.520288755547837,normal.,0
-2.3025850929940455,5.777961872830453,9.437244842160617,normal.,0
-2.3025850929940455,5.82923969201315,7.751518327849209,normal.,0
-2.3025850929940455,5.529825834193874,7.495597497896659,normal.,0
-2.3025850929940455,5.323497665078335,6.040492778175336,normal.,0
-2.3025850929940455,5.342812606434588,8.750540506813236,normal.,0
-2.3025850929940455,5.19351225218191,5.707442435487688,normal.,0
-2.3025850929940455,5.43851399704132,6.408693522136389,normal.,0
-2.3025850929940455,5.485211785187126,7.2605928696896145,normal.,0
-2.3025850929940455,5.68391984555995,9.217226607339136,normal.,0
-2.3025850929940455,5.420977379283924,8.388018010992372,normal.,0
-2.3025850929940455,5.7623657987550985,7.3409004028636105,normal.,0
-2.3025850929940455,5.328361487896413,5.916471568066552,normal.,0
-2.3025850929940455,5.652839995918626,9.638225593804822,normal.,0
-2.3025850929940455,5.568726110329361,6.551223181983152,normal.,0
-2.3025850929940455,5.43415858945945,7.4091970114377865,normal.,0
-2.3025850929940455,5.407620101438487,7.4674282081421115,normal.,0
-2.3025850929940455,5.652839995918626,9.775773492090213,normal.,0
-2.3025850929940455,5.609838028479659,9.411737167400306,normal.,0
-2.3025850929940455,5.609838028479659,9.345928398279078,normal.,0
-2.3025850929940455,5.159629846774143,9.48342390235972,normal.,0
-2.3025850929940455,5.328361487896413,6.532479842037031,normal.,0
-2.3025850929940455,5.756058619221572,8.090126438750312,normal.,0
-2.3025850929940455,5.3986150878634005,9.264743326355475,normal.,0
-2.3025850929940455,5.752890048763229,6.265491308736761,normal.,0
2.4932054526026954,10.421688908590172,7.286260205507518,back.,1
-2.3025850929940455,5.717356594683319,5.5649034757050835,normal.,0
-2.3025850929940455,5.889154928283412,8.755595729976754,normal.,0
-2.3025850929940455,5.361761539104571,6.171909343889077,normal.,0
-2.3025850929940455,5.501666290534067,7.536417270315673,normal.,0
-2.3025850929940455,5.3986150878634005,6.735898772035947,normal.,0
0.7419373447293773,10.906691489914584,9.025708147644988,back.,1
-2.3025850929940455,5.403127730900382,8.812709495976534,normal.,0
-2.3025850929940455,5.420977379283924,9.180200701063091,normal.,0
-2.3025850929940455,5.3986150878634005,5.986703230006271,normal.,0
-2.3025850929940455,5.460010955546024,7.1301785709718635,normal.,0
-2.3025850929940455,5.5610661724546055,9.392920228741161,normal.,0
-2.3025850929940455,5.717356594683319,5.878015854600402,normal.,0
-2.3025850929940455,5.880812277004387,5.8114403493627105,normal.,0
-2.3025850929940455,5.649326288860142,5.690697235107546,normal.,0
-2.3025850929940455,5.635146682266063,7.635835146082105,normal.,0
-2.3025850929940455,5.521860837883573,6.120517175022596,normal.,0
-2.3025850929940455,5.89467827842029,6.89172751790494,normal.,0
-2.3025850929940455,5.537727890326118,6.834216375647267,normal.,0
-2.3025850929940455,5.380358076884246,6.511893907016668,normal.,0
-2.3025850929940455,5.517854422268135,6.36492285908106,normal.,0
-2.3025850929940455,5.333201768401539,10.185054716988008,normal.,0
-2.3025850929940455,5.215479088239032,9.127621586799181,normal.,0
-2.3025850929940455,5.808442745199634,6.144400203378695,normal.,0
-2.3025850929940455,5.6458001921178536,6.118317438103905,normal.,0
-2.3025850929940455,5.3895282466014205,7.598950555816837,normal.,0
-2.3025850929940455,5.308762624409575,8.912217314987066,normal.,0
-2.3025850929940455,5.74652262833236,7.173268426662856,normal.,0
-2.3025850929940455,6.018836493903833,6.578000430108449,normal.,0
-2.3025850929940455,5.549465114271844,5.790265934544339,normal.,0
-2.3025850929940455,5.011301738639416,9.888886473700612,normal.,0
-2.3025850929940455,5.442850517280335,6.784570178411759,normal.,0
-2.3025850929940455,5.403127730900382,7.0397479884406335,normal.,0
-2.3025850929940455,5.733664849138071,6.578000430108449,normal.,0
-2.3025850929940455,5.849612922867741,7.89211578975768,normal.,0
-2.3025850929940455,5.680513847716846,9.3275098861334,normal.,0
-2.3025850929940455,5.690697235107546,7.155474362862388,normal.,0
-2.3025850929940455,5.517854422268135,7.014005398824796,normal.,0
-2.3025850929940455,5.700777965635902,8.801183457529469,normal.,0
-2.3025850929940455,5.472690753492817,7.293765699256166,normal.,0
-2.3025850929940455,5.670225691127358,8.953394402003486,normal.,0
-2.3025850929940455,5.541655625147766,7.80388411903234,normal.,0
-2.3025850929940455,1.8082887711792655,4.970507503005476,satan.,1
-2.3025850929940455,5.3986150878634005,6.651701064210668,normal.,0
-2.3025850929940455,5.743323649276734,7.900303100573046,normal.,0
5.136386499401816,5.720639591722624,5.5610661724546055,normal.,0
-2.3025850929940455,5.3895282466014205,6.252096542833184,normal.,0
-2.3025850929940455,5.690697235107546,6.439510102751265,normal.,0
-2.3025850929940455,5.733664849138071,7.4742615585746845,normal.,0
-2.3025850929940455,5.736894826106403,6.502939959715469,normal.,0
-2.3025850929940455,5.60248775650462,9.440586639177399,normal.,0
-2.3025850929940455,5.112590016619249,8.02848776873433,normal.,0
-2.3025850929940455,5.303802296778606,5.670225691127358,normal.,0
-2.3025850929940455,5.371103036273684,7.938837910856647,normal.,0
-2.3025850929940455,5.736894826106403,7.247151807120597,normal.,0
-2.3025850929940455,5.733664849138071,7.189997582683553,normal.,0
-2.3025850929940455,5.489350863944013,9.544531437274832,normal.,0
-2.3025850929940455,5.6736668507515775,6.073274922305548,normal.,0
-2.3025850929940455,5.670225691127358,9.270126995711461,normal.,0
1.8082887711792655,10.906691489914584,9.025708147644988,back.,1
-2.3025850929940455,5.572534188046247,7.17250132015086,normal.,0
-2.3025850929940455,5.7623657987550985,7.198258368620619,normal.,0
-2.3025850929940455,5.765504533284198,5.5649034757050835,normal.,0
-2.3025850929940455,5.710758088392627,6.198681947871933,normal.,0
-2.3025850929940455,5.447168313280391,9.16608540822101,normal.,0
-2.3025850929940455,5.497577977398914,7.233527618181053,normal.,0
-2.3025850929940455,5.447168313280391,7.1058681605711005,normal.,0
-2.3025850929940455,5.288771953704505,6.155070385705995,normal.,0
-2.3025850929940455,5.403127730900382,6.769756780824847,normal.,0
-2.3025850929940455,5.777961872830453,11.295715524914847,normal.,0
4.455509411433685,5.43415858945945,5.727173427446777,normal.,0
-2.3025850929940455,5.4165447479126865,7.693982882558094,normal.,0
-2.3025850929940455,5.736894826106403,8.47326220231027,normal.,0
-2.3025850929940455,5.501666290534067,5.521860837883573,normal.,0
-2.3025850929940455,9.648085495558297,9.025708147644988,back.,1
-2.3025850929940455,5.455748374496865,9.518052986925971,normal.,0
-2.3025850929940455,5.407620101438487,7.229911239293994,normal.,0
-2.3025850929940455,5.283711214158674,6.3281153392157865,normal.,0
-2.3025850929940455,5.649326288860142,7.091825306310208,normal.,0
-2.3025850929940455,5.677096209393695,9.196150165540134,normal.,0
-2.3025850929940455,9.52865591172855,9.025708147644988,back.,1
-2.3025850929940455,5.513831890697755,6.647818066838915,normal.,0
-2.3025850929940455,5.403127730900382,9.188922641102119,normal.,0
-2.3025850929940455,5.43851399704132,9.688318371248698,normal.,0
-2.3025850929940455,5.481055503227208,6.7616885028473535,normal.,0
-2.3025850929940455,5.429784129290343,8.415182614000056,normal.,0
-2.3025850929940455,5.472690753492817,6.236565265774234,normal.,0
-2.3025850929940455,5.723911845951367,7.077582438194403,normal.,0
-2.3025850929940455,5.814428994743265,7.157034303900972,normal.,0
-2.3025850929940455,5.849612922867741,5.541655625147766,normal.,0
-2.3025850929940455,5.258016069774511,7.579219064710923,normal.,0
-2.3025850929940455,6.016401032398013,9.226321982988482,normal.,0
-2.3025850929940455,5.338018733399589,6.692207804289556,normal.,0
-2.3025850929940455,5.743323649276734,7.255661893229013,normal.,0
-2.3025850929940455,5.347583607850955,9.606435047724208,normal.,0
-2.3025850929940455,5.485211785187126,8.966751737034913,normal.,0
-2.3025850929940455,5.455748374496865,9.696531031490105,normal.,0
-2.3025850929940455,5.752890048763229,6.729943537666011,normal.,0
-2.3025850929940455,5.447168313280391,10.92960262237263,normal.,0
-2.3025850929940455,10.8697125557442,7.979373141251269,back.,1
-2.3025850929940455,5.303802296778606,9.73967955725583,normal.,0
-2.3025850929940455,5.43851399704132,8.094103681954333,normal.,0
-2.3025850929940455,5.576327819303087,6.182291496945648,normal.,0
-2.3025850929940455,5.802420444553201,8.576989234762204,normal.,0
-2.3025850929940455,5.5610661724546055,8.733932277857454,normal.,0
-2.3025850929940455,5.707442435487688,8.45086106272589,normal.,0
-2.3025850929940455,5.476881874464279,7.896217824149259,normal.,0
-2.3025850929940455,5.670225691127358,5.5801071132949795,normal.,0
-2.3025850929940455,5.328361487896413,6.931569457081392,normal.,0
-2.3025850929940455,5.680513847716846,7.080951997443533,normal.,0
-2.3025850929940455,5.46848199307136,-2.3025850929940455,normal.,0
-2.3025850929940455,5.85821882796062,8.327750338274662,normal.,0
-2.3025850929940455,5.447168313280391,5.799395638859147,normal.,0
-2.3025850929940455,5.403127730900382,7.683449720509648,normal.,0
-2.3025850929940455,9.954565573754072,9.025708147644988,back.,1
-2.3025850929940455,5.429784129290343,6.361475174231744,normal.,0
-2.3025850929940455,5.4514675460417115,7.814440020711057,normal.,0
-2.3025850929940455,5.43851399704132,5.425390449111513,normal.,0
-2.3025850929940455,5.338018733399589,8.863771333775489,normal.,0
-2.3025850929940455,5.318610069815799,8.940511315143908,normal.,0
-2.3025850929940455,5.609838028479659,8.51340602916166,normal.,0
-2.3025850929940455,5.517854422268135,7.380318130622795,normal.,0
-2.3025850929940455,5.717356594683319,6.668355305148404,normal.,0
-2.3025850929940455,5.3895282466014205,8.034015159579058,normal.,0
-2.3025850929940455,6.004133950208645,5.945682354452854,normal.,0
-2.3025850929940455,5.843834230103957,6.990348577285991,normal.,0
-2.3025850929940455,5.666772649022301,7.712935663217859,normal.,0
-2.3025850929940455,6.045242252788453,8.72292198220981,normal.,0
-2.3025850929940455,10.812554253820947,-2.3025850929940455,back.,1
-2.3025850929940455,5.704115752446321,9.339533618436857,normal.,0
-2.3025850929940455,5.242275975664412,6.016401032398013,normal.,0
-2.3025850929940455,5.642261618007951,8.087056220502424,normal.,0
-2.3025850929940455,5.6736668507515775,7.0992843165270045,normal.,0
-2.3025850929940455,5.288771953704505,7.6420923863669445,normal.,0
-2.3025850929940455,5.328361487896413,8.822189503576608,normal.,0
2.6461747973841225,10.906691489914584,9.025708147644988,back.,1
-2.3025850929940455,5.756058619221572,7.20199083040376,normal.,0
-2.3025850929940455,5.263208189434469,6.621538798691966,normal.,0
-2.3025850929940455,5.6598305871270185,7.083471736723956,normal.,0
-2.3025850929940455,5.357057861570636,6.884589000950298,normal.,0
-2.3025850929940455,5.814428994743265,5.572534188046247,normal.,0
-2.3025850929940455,5.549465114271844,6.633450003571995,normal.,0
-2.3025850929940455,5.366443195595637,6.798052013890174,normal.,0
-2.3025850929940455,4.970507503005476,8.048820231905633,normal.,0
-2.3025850929940455,5.425390449111513,8.734737093919954,normal.,0
-2.3025850929940455,5.4120923808068815,5.937800022522289,normal.,0
-2.3025850929940455,5.380358076884246,7.122947300508726,normal.,0
-2.3025850929940455,5.61349300330874,9.216630547278372,normal.,0
-2.3025850929940455,5.509793112994564,7.514309176956987,normal.,0
-2.3025850929940455,5.425390449111513,5.875211590283732,normal.,0
-2.3025850929940455,5.846727750641299,9.363928036197038,normal.,0
-2.3025850929940455,5.846727750641299,6.939350840571888,normal.,0
-2.3025850929940455,5.723911845951367,5.694068782468562,normal.,0
-2.3025850929940455,10.674338553858657,8.895643325672793,back.,1
-2.3025850929940455,5.293807211070151,6.505933525788771,normal.,0
-2.3025850929940455,5.258016069774511,5.6061696457892,normal.,0
-2.3025850929940455,5.838021949864404,7.526232791205053,normal.,0
-2.3025850929940455,5.787204082795274,6.240470757947919,normal.,0
-2.3025850929940455,5.2988172415896875,5.820379622240015,normal.,0
-2.3025850929940455,5.3986150878634005,7.286944855678039,normal.,0
-2.3025850929940455,5.293807211070151,7.714722095741543,normal.,0
-2.3025850929940455,5.342812606434588,6.431492099565257,normal.,0
-2.3025850929940455,5.638710477912486,7.7142757867097655,normal.,0
-2.3025850929940455,5.318610069815799,7.0085955939082085,normal.,0
-2.3025850929940455,5.153869462182164,7.748071682758703,normal.,0
-2.3025850929940455,5.54556799320548,9.214740676420664,normal.,0
-2.3025850929940455,5.981666704627871,5.541655625147766,normal.,0
-2.3025850929940455,5.4120923808068815,7.582789404115156,normal.,0
-2.3025850929940455,5.7623657987550985,7.168656935898949,normal.,0
-2.3025850929940455,5.740114403903592,8.553737248596851,normal.,0
-2.3025850929940455,5.4165447479126865,6.066340081753089,normal.,0
-2.3025850929940455,10.892584409528764,8.895643325672793,back.,1
-2.3025850929940455,10.639983931544673,7.979373141251269,back.,1
-2.3025850929940455,5.771752601095469,8.37311494719828,normal.,0
-2.3025850929940455,5.4165447479126865,7.493372926599416,normal.,0
-2.3025850929940455,5.464255444091467,8.07778859987851,normal.,0
-2.3025850929940455,5.342812606434588,9.123158071289021,normal.,0
-2.3025850929940455,5.537727890326118,6.408693522136389,normal.,0
-2.3025850929940455,5.781052110147502,6.066340081753089,normal.,0
-2.3025850929940455,5.407620101438487,6.188469440812497,normal.,0
-2.3025850929940455,5.220896219579452,8.390064117285263,normal.,0
-2.3025850929940455,5.710758088392627,6.984808908424428,normal.,0
-2.3025850929940455,5.704115752446321,7.227008690271236,normal.,0
-2.3025850929940455,5.352331954854275,8.439037036415947,normal.,0
-2.3025850929940455,5.044070070182493,9.157371991203938,normal.,0
-2.3025850929940455,5.323497665078335,7.202735653915029,normal.,0
1.9600947840472698,10.751929757910776,9.025708147644988,back.,1
-2.3025850929940455,5.805436128382701,6.933520486868163,normal.,0
-2.3025850929940455,5.624378451868933,5.3986150878634005,normal.,0
-2.3025850929940455,5.609838028479659,7.633418051218762,normal.,0
-2.3025850929940455,5.3757412635128405,7.719174264620118,normal.,0
-2.3025850929940455,5.799395638859147,6.274950327428353,normal.,0
-2.3025850929940455,5.872399439949042,9.43660704127637,normal.,0
-2.3025850929940455,5.4514675460417115,10.169502836221923,normal.,0
-2.3025850929940455,5.529825834193874,8.458525403750393,normal.,0
-2.3025850929940455,5.54556799320548,5.652839995918626,normal.,0
-2.3025850929940455,5.308762624409575,7.8018413008681,normal.,0
-2.3025850929940455,5.730424405602622,9.40525727333984,normal.,0
-2.3025850929940455,5.749711406544601,7.72404886436379,normal.,0
-2.3025850929940455,5.4514675460417115,8.327750338274662,normal.,0
-2.3025850929940455,5.6458001921178536,5.984188138137206,normal.,0
-2.3025850929940455,9.738146998939703,9.025708147644988,back.,1
-2.3025850929940455,5.394081988532416,9.851199026227437,normal.,0
-2.3025850929940455,5.663307642090483,6.198681947871933,normal.,0
-2.3025850929940455,5.082025290182929,5.924523141354101,normal.,0
-2.3025850929940455,5.717356594683319,7.7354770578383025,normal.,0
-2.3025850929940455,5.720639591722624,6.842790000129778,normal.,0
-2.3025850929940455,5.3757412635128405,6.64261717096525,normal.,0
-2.3025850929940455,5.442850517280335,6.093795478205444,normal.,0
-2.3025850929940455,5.153869462182164,8.416731766702203,normal.,0
-2.3025850929940455,5.710758088392627,7.177095157186053,normal.,0
-2.3025850929940455,5.323497665078335,6.176075148705408,normal.,0
-2.3025850929940455,5.1480757032174935,7.872112103425331,normal.,0
-2.3025850929940455,5.293807211070151,7.004064959119545,normal.,0
-2.3025850929940455,6.234606784928881,8.775101388499907,normal.,0
-2.3025850929940455,5.627980761239919,6.105016421792097,normal.,0
-2.3025850929940455,5.8114403493627105,9.279595875638952,normal.,0
-2.3025850929940455,5.553347106724568,9.32403506172396,normal.,0
-2.3025850929940455,5.704115752446321,9.366326509177645,normal.,0
-2.3025850929940455,5.407620101438487,7.991287770215153,normal.,0
-2.3025850929940455,5.46848199307136,8.18593533624758,normal.,0
1.9600947840472698,10.906691489914584,9.025708147644988,back.,1
-2.3025850929940455,5.357057861570636,7.626131513587858,normal.,0
-2.3025850929940455,5.403127730900382,6.474045005433671,normal.,0
-2.3025850929940455,5.460010955546024,6.004133950208645,normal.,0
-2.3025850929940455,5.347583607850955,5.537727890326118,normal.,0
2.312535423847214,10.906691489914584,9.025708147644988,back.,1
-2.3025850929940455,5.690697235107546,6.502939959715469,normal.,0
-2.3025850929940455,5.384953673207583,5.953503040820864,normal.,0
2.6461747973841225,10.65348990651885,7.286260205507518,back.,1
-2.3025850929940455,5.08821342874163,6.726353299247566,normal.,0
-2.3025850929940455,5.43851399704132,7.280077168497047,normal.,0
-2.3025850929940455,5.489350863944013,6.9364399128420455,normal.,0
-2.3025850929940455,5.736894826106403,8.709316553182452,normal.,0
-2.3025850929940455,5.68391984555995,8.562376859991558,normal.,0
-2.3025850929940455,5.288771953704505,9.92828259890437,normal.,0
-2.3025850929940455,5.889154928283412,5.533784667551078,normal.,0
-2.3025850929940455,5.677096209393695,9.323677985814754,normal.,0
-2.3025850929940455,10.906691489914584,8.384826834160096,back.,1
-2.3025850929940455,5.752890048763229,5.46848199307136,normal.,0
-2.3025850929940455,5.308762624409575,8.692506917288132,normal.,0
-2.3025850929940455,5.258016069774511,7.715168205670426,normal.,0
-2.3025850929940455,5.407620101438487,6.01151224241176,normal.,0
-2.3025850929940455,5.313698468586339,8.502911694590468,normal.,0
-2.3025850929940455,5.697429000684026,6.137943013486706,normal.,0
-2.3025850929940455,5.756058619221572,6.116112851673092,normal.,0
-2.3025850929940455,5.609838028479659,8.665458012080233,normal.,0
-2.3025850929940455,5.826295049131593,5.680513847716846,normal.,0
-2.3025850929940455,5.403127730900382,6.48478789573783,normal.,0
-2.3025850929940455,5.730424405602622,7.459972335107878,normal.,0
-2.3025850929940455,5.714062784063757,6.450628387550081,normal.,0
-2.3025850929940455,5.774862056337153,5.855358414110991,normal.,0
-2.3025850929940455,5.347583607850955,8.372190540485969,normal.,0
-2.3025850929940455,5.723911845951367,6.9708239704491195,normal.,0
-2.3025850929940455,5.357057861570636,6.5766088351162715,normal.,0
-2.3025850929940455,5.43415858945945,6.068657042937888,normal.,0
-2.3025850929940455,5.3986150878634005,7.446059873736413,normal.,0
-2.3025850929940455,5.258016069774511,8.393691334428894,normal.,0
-2.3025850929940455,5.666772649022301,6.269285659712888,normal.,0
-2.3025850929940455,5.587623120115915,9.18667248417598,normal.,0
-2.3025850929940455,5.485211785187126,7.936338445154914,normal.,0
-2.3025850929940455,5.333201768401539,7.689874413344346,normal.,0
-2.3025850929940455,5.799395638859147,7.998032930860189,normal.,0
-2.3025850929940455,5.357057861570636,8.140927597712501,normal.,0
-2.3025850929940455,5.485211785187126,9.344792590510366,normal.,0
-2.3025850929940455,10.843106063600109,7.979373141251269,back.,1
-2.3025850929940455,5.3895282466014205,7.2535411515887,normal.,0
-2.3025850929940455,5.352331954854275,8.921604411045644,normal.,0
-2.3025850929940455,5.787204082795274,7.998704951314902,normal.,0
-2.3025850929940455,5.3895282466014205,6.636077780672072,normal.,0
-2.3025850929940455,5.704115752446321,5.677096209393695,normal.,0
-2.3025850929940455,5.3757412635128405,7.267595209064026,normal.,0
-2.3025850929940455,5.46848199307136,6.622869293832357,normal.,0
-2.3025850929940455,5.768633446975818,7.095147292589197,normal.,0
-2.3025850929940455,5.2045559867335625,9.120536007316112,normal.,0
-2.3025850929940455,5.43851399704132,8.344291131538737,normal.,0
-2.3025850929940455,5.697429000684026,6.8491723215498395,normal.,0
-2.3025850929940455,5.814428994743265,6.068657042937888,normal.,0
-2.3025850929940455,5.43415858945945,6.163525308192876,normal.,0
-2.3025850929940455,5.226284163648205,9.234359587153694,normal.,0
-2.3025850929940455,5.472690753492817,6.727551478159183,normal.,0
-2.3025850929940455,5.366443195595637,6.759371273215879,normal.,0
-2.3025850929940455,5.627980761239919,9.763886347242073,normal.,0
-2.3025850929940455,5.3986150878634005,8.655057682594995,normal.,0
-2.3025850929940455,5.777961872830453,5.802420444553201,normal.,0
-2.3025850929940455,5.112590016619249,7.580750771331229,normal.,0
-2.3025850929940455,5.54556799320548,7.051076098426359,normal.,0
-2.3025850929940455,5.242275975664412,5.99918467012312,normal.,0
-2.3025850929940455,5.380358076884246,9.27379392975381,normal.,0
-2.3025850929940455,5.694068782468562,6.520768392119746,normal.,0
-2.3025850929940455,5.6598305871270185,5.950902935351859,normal.,0
-2.3025850929940455,5.366443195595637,8.268244533920075,normal.,0
-2.3025850929940455,5.252796851246227,5.6736668507515775,normal.,0
-2.3025850929940455,5.4165447479126865,9.642453902408596,normal.,0
-2.3025850929940455,5.74652262833236,6.116112851673092,normal.,0
-2.3025850929940455,5.677096209393695,9.488661264991013,normal.,0
-2.3025850929940455,5.793318439967056,9.860637461150374,normal.,0
-2.3025850929940455,5.08821342874163,6.047608557726022,normal.,0
2.4932054526026954,10.906691489914584,9.025708147644988,back.,1
-2.3025850929940455,5.723911845951367,9.82542330308943,normal.,0
-2.3025850929940455,5.727173427446777,8.006067522641244,normal.,0
-2.3025850929940455,5.835103091983559,7.7354770578383025,normal.,0
-2.3025850929940455,5.5801071132949795,6.116112851673092,normal.,0
-2.3025850929940455,5.485211785187126,8.663904841575064,normal.,0
-2.3025850929940455,5.338018733399589,7.786593333805641,normal.,0
-2.3025850929940455,5.700777965635902,7.213105349087325,normal.,0
-2.3025850929940455,5.796361655949294,6.111689044414351,normal.,0
-2.3025850929940455,5.541655625147766,10.35329166323477,normal.,0
-2.3025850929940455,5.568726110329361,6.159306782637103,normal.,0
-2.3025850929940455,5.247550249494384,7.554910875691089,normal.,0
-2.3025850929940455,5.784132827309859,10.196795022726898,normal.,0
-2.3025850929940455,5.517854422268135,8.58785666666731,normal.,0
-2.3025850929940455,5.215479088239032,6.428266810525186,normal.,0
-2.3025850929940455,10.544290887072343,7.979373141251269,back.,1
-2.3025850929940455,5.652839995918626,7.477660802684044,normal.,0
-2.3025850929940455,5.313698468586339,5.1422481808981475,normal.,0
-2.3025850929940455,5.252796851246227,7.016699365971316,normal.,0
-2.3025850929940455,5.333201768401539,7.702601279366917,normal.,0
-2.3025850929940455,5.460010955546024,6.8927431588616335,normal.,0
-2.3025850929940455,5.0632277442154265,4.852811208902689,normal.,0
-2.3025850929940455,5.940434375995203,7.928802344032635,normal.,0
-2.3025850929940455,5.869579359117858,8.593061042645367,normal.,0
-2.3025850929940455,5.447168313280391,7.382808636859979,normal.,0
-2.3025850929940455,5.288771953704505,6.854459981923913,normal.,0
-2.3025850929940455,5.3895282466014205,6.169819915632058,normal.,0
0.7419373447293773,5.2045559867335625,10.407865434216935,normal.,0
-2.3025850929940455,5.501666290534067,8.910599213475725,normal.,0
-2.3025850929940455,5.846727750641299,7.540143453696518,normal.,0
-2.3025850929940455,10.886541204736588,8.895643325672793,back.,1
-2.3025850929940455,5.720639591722624,6.941286762190929,normal.,0
-2.3025850929940455,5.642261618007951,7.4512997553108535,normal.,0
-2.3025850929940455,5.743323649276734,7.559090391727643,normal.,0
-2.3025850929940455,5.74652262833236,5.771752601095469,normal.,0
-2.3025850929940455,5.46848199307136,7.0725067145826275,normal.,0
-2.3025850929940455,5.838021949864404,7.993991296582191,normal.,0
-2.3025850929940455,10.73439685106777,8.895643325672793,back.,1
-2.3025850929940455,5.481055503227208,9.27313675146586,normal.,0
1.62924053973028,10.906691489914584,9.025708147644988,back.,1
-2.3025850929940455,5.420977379283924,6.60136597906466,normal.,0
-2.3025850929940455,5.529825834193874,6.613518437559682,normal.,0
-2.3025850929940455,10.89785166962525,7.979373141251269,back.,1
-2.3025850929940455,5.781052110147502,5.771752601095469,normal.,0
-2.3025850929940455,10.498362921988095,8.672503198963343,back.,1
-2.3025850929940455,10.819860281048467,9.025708147644988,back.,1
-2.3025850929940455,5.293807211070151,7.126167655920446,normal.,0
-2.3025850929940455,5.8114403493627105,7.707107618388398,normal.,0
-2.3025850929940455,5.460010955546024,9.197467875753508,normal.,0
-2.3025850929940455,5.900171288661591,6.8491723215498395,normal.,0
-2.3025850929940455,10.612412113080541,7.979373141251269,back.,1
-2.3025850929940455,5.283711214158674,9.302472780737443,normal.,0
-2.3025850929940455,5.749711406544601,7.8059227725966025,normal.,0
-2.3025850929940455,5.273512247629066,9.992326841210142,normal.,0
-2.3025850929940455,5.863915226161007,7.513763801725319,normal.,0
-2.3025850929940455,5.730424405602622,8.879207853650454,normal.,0
-2.3025850929940455,5.493472881322077,8.036605750710857,normal.,0
-2.3025850929940455,5.710758088392627,5.7623657987550985,normal.,0
-2.3025850929940455,5.464255444091467,10.63299318079609,normal.,0
-2.3025850929940455,5.485211785187126,7.1389463618756475,normal.,0
-2.3025850929940455,5.617134667930529,9.48342390235972,normal.,0
-2.3025850929940455,5.736894826106403,9.393669754076893,normal.,0
-2.3025850929940455,5.529825834193874,11.302958470285143,normal.,0
-2.3025850929940455,5.371103036273684,8.082124180049494,normal.,0
-2.3025850929940455,5.771752601095469,9.051590800103897,normal.,0
-2.3025850929940455,5.3895282466014205,9.85608667286392,normal.,0
-2.3025850929940455,5.328361487896413,6.8406534754414015,normal.,0
-2.3025850929940455,5.697429000684026,6.152945438030085,normal.,0
-2.3025850929940455,5.6061696457892,8.0430530184581,normal.,0
-2.3025850929940455,5.85821882796062,6.274950327428353,normal.,0
-2.3025850929940455,5.59508305773286,8.631967260224489,normal.,0
-2.3025850929940455,5.333201768401539,5.799395638859147,normal.,0
-2.3025850929940455,5.476881874464279,7.022065625159548,normal.,0
-2.3025850929940455,5.4120923808068815,6.135781317876221,normal.,0
-2.3025850929940455,5.464255444091467,8.748320785269522,normal.,0
-2.3025850929940455,5.680513847716846,6.073274922305548,normal.,0
1.62924053973028,5.823341709713841,5.627980761239919,normal.,0
-2.3025850929940455,5.481055503227208,5.236973736306985,normal.,0
-2.3025850929940455,5.572534188046247,6.273065667993761,normal.,0
-2.3025850929940455,5.460010955546024,9.840872513653249,normal.,0
-2.3025850929940455,5.6458001921178536,9.208949405030042,normal.,0
-2.3025850929940455,4.984291318756654,6.795817625741273,normal.,0
-2.3025850929940455,5.849612922867741,8.009728579782426,normal.,0
-2.3025850929940455,5.493472881322077,6.254021100779027,normal.,0
-2.3025850929940455,5.5258512661635395,6.621538798691966,normal.,0
-2.3025850929940455,5.403127730900382,7.311285182455791,normal.,0
-2.3025850929940455,10.739697742687715,8.895643325672793,back.,1
-2.3025850929940455,5.273512247629066,8.18454164664748,normal.,0
-2.3025850929940455,5.784132827309859,8.788761125724387,normal.,0
-2.3025850929940455,5.380358076884246,6.3768970014659105,normal.,0
-2.3025850929940455,5.283711214158674,10.280728067949218,normal.,0
-2.3025850929940455,5.489350863944013,7.7053075188968725,normal.,0
1.8082887711792655,3.933784497209659,9.002959435340971,phf.,1
-2.3025850929940455,5.46848199307136,7.3212546921186235,normal.,0
-2.3025850929940455,5.03760174232607,7.252124821063715,normal.,0
-2.3025850929940455,9.704066631336232,9.025708147644988,back.,1
-2.3025850929940455,5.784132827309859,6.2635887206438134,normal.,0
-2.3025850929940455,5.407620101438487,7.617317000810177,normal.,0
-2.3025850929940455,5.247550249494384,5.756058619221572,normal.,0
-2.3025850929940455,5.380358076884246,6.499937405290376,normal.,0
-2.3025850929940455,5.714062784063757,7.4349069053469,normal.,0
-2.3025850929940455,5.537727890326118,5.61349300330874,normal.,0
-2.3025850929940455,5.8321756894246,8.830996124319345,normal.,0
-2.3025850929940455,5.2988172415896875,8.391879370444203,normal.,0
-2.3025850929940455,5.485211785187126,7.378446172008009,normal.,0
-2.3025850929940455,5.717356594683319,8.349507998555271,normal.,0
-2.3025850929940455,5.338018733399589,6.921756798617951,normal.,0
-2.3025850929940455,5.5258512661635395,7.500031849157108,normal.,0
-2.3025850929940455,5.720639591722624,7.341548659077159,normal.,0
-2.3025850929940455,5.493472881322077,6.694685813239402,normal.,0
-2.3025850929940455,5.6736668507515775,8.839436098169141,normal.,0
-2.3025850929940455,5.420977379283924,7.0193860951533225,normal.,0
-2.3025850929940455,5.752890048763229,6.308280574284827,normal.,0
-2.3025850929940455,5.59508305773286,8.295323827979757,normal.,0
-2.3025850929940455,5.118592435601348,9.006643992634531,normal.,0
-2.3025850929940455,5.46848199307136,5.700777965635902,normal.,0
-2.3025850929940455,5.4514675460417115,9.642453902408596,normal.,0
-2.3025850929940455,5.394081988532416,7.110777752300125,normal.,0
-2.3025850929940455,5.784132827309859,7.87477714726265,normal.,0
-2.3025850929940455,5.342812606434588,6.080162001869269,normal.,0
-2.3025850929940455,5.4120923808068815,7.956862147746407,normal.,0
-2.3025850929940455,5.768633446975818,8.960994005789974,normal.,0
-2.3025850929940455,5.313698468586339,6.748876773914649,normal.,0
-2.3025850929940455,5.759217181544302,8.673016756903964,normal.,0
-2.3025850929940455,5.743323649276734,7.3005403339329265,normal.,0
-2.3025850929940455,5.796361655949294,5.541655625147766,normal.,0
-2.3025850929940455,5.537727890326118,9.009459654460944,normal.,0
-2.3025850929940455,5.318610069815799,7.913557593059762,normal.,0
-2.3025850929940455,5.082025290182929,8.87278154522968,normal.,0
-2.3025850929940455,5.587623120115915,9.259806498108032,normal.,0
-2.3025850929940455,5.814428994743265,7.703504173202802,normal.,0
-2.3025850929940455,5.872399439949042,7.613868041932106,normal.,0
-2.3025850929940455,5.338018733399589,9.638681810085318,normal.,0
-2.3025850929940455,5.394081988532416,-2.3025850929940455,normal.,0
-2.3025850929940455,5.749711406544601,8.249339889709743,normal.,0
-2.3025850929940455,5.8114403493627105,7.908791489302351,normal.,0
-2.3025850929940455,5.68391984555995,7.439030379615537,normal.,0
-2.3025850929940455,5.333201768401539,6.310100079881413,normal.,0
-2.3025850929940455,5.74652262833236,5.670225691127358,normal.,0
-2.3025850929940455,5.697429000684026,6.983882639369688,normal.,0
-2.3025850929940455,5.352331954854275,7.219715243893441,normal.,0
-2.3025850929940455,5.7623657987550985,8.264646575732712,normal.,0
-2.3025850929940455,5.384953673207583,8.659577778606492,normal.,0
-2.3025850929940455,5.442850517280335,6.340535655019982,normal.,0
-2.3025850929940455,5.513831890697755,9.296068425858856,normal.,0
-2.3025850929940455,5.338018733399589,6.049969276480545,normal.,0
-2.3025850929940455,5.394081988532416,8.341672456519452,normal.,0
-2.3025850929940455,5.2786247332023,8.757170260698354,normal.,0
-2.3025850929940455,5.429784129290343,7.449556177047448,normal.,0
0.09531017980432493,10.906691489914584,9.025708147644988,back.,1
-2.3025850929940455,5.796361655949294,7.672339009479931,normal.,0
-2.3025850929940455,5.136386499401816,10.436586278871486,normal.,0
-2.3025850929940455,5.371103036273684,5.68391984555995,normal.,0
-2.3025850929940455,5.094363509626968,10.310355010225651,normal.,0
-2.3025850929940455,5.476881874464279,7.731974580635803,normal.,0
-2.3025850929940455,5.663307642090483,6.385363018844681,normal.,0
-2.3025850929940455,5.371103036273684,7.986538940016061,normal.,0
-2.3025850929940455,5.394081988532416,8.255594633720479,normal.,0
-2.3025850929940455,5.670225691127358,7.864458321467554,normal.,0
-2.3025850929940455,5.805436128382701,5.61349300330874,normal.,0
4.318820558770089,5.460010955546024,6.428266810525186,normal.,0
-2.3025850929940455,4.977423159890142,9.258949567390806,normal.,0
-2.3025850929940455,5.727173427446777,7.0648444942249125,normal.,0
-2.3025850929940455,5.572534188046247,5.787204082795274,normal.,0
-2.3025850929940455,5.627980761239919,10.58481768601179,normal.,0
-2.3025850929940455,5.687314281948894,6.695922518813794,normal.,0
-2.3025850929940455,5.6736668507515775,9.65246522444695,normal.,0
-2.3025850929940455,5.937800022522289,6.697157696836445,normal.,0
-2.3025850929940455,5.501666290534067,6.33523154074593,normal.,0
-2.3025850929940455,5.4514675460417115,7.409802484936545,normal.,0
-2.3025850929940455,5.50573795739701,7.207192982444771,normal.,0
-2.3025850929940455,5.2988172415896875,8.364531402640399,normal.,0
-2.3025850929940455,5.407620101438487,6.82556860799419,normal.,0
-2.3025850929940455,5.357057861570636,6.64261717096525,normal.,0
-2.3025850929940455,5.429784129290343,6.679724806094533,normal.,0
-2.3025850929940455,5.357057861570636,8.251429154265388,normal.,0
-2.3025850929940455,5.226284163648205,6.684736719856078,normal.,0
-2.3025850929940455,5.513831890697755,6.625524985208601,normal.,0
-2.3025850929940455,5.6315701405422764,5.790265934544339,normal.,0
-2.3025850929940455,5.371103036273684,9.62899149455504,normal.,0
-2.3025850929940455,5.635146682266063,10.556726383575086,normal.,0
-2.3025850929940455,10.881213871423181,8.895643325672793,back.,1
-2.3025850929940455,5.4165447479126865,6.616199044981755,normal.,0
-2.3025850929940455,5.863915226161007,5.61349300330874,normal.,0
2.6461747973841225,10.421688908590172,8.895643325672793,back.,1
-2.3025850929940455,5.371103036273684,7.066552290729135,normal.,0
-2.3025850929940455,5.846727750641299,7.146850916510274,normal.,0
-2.3025850929940455,5.425390449111513,9.597716184197301,normal.,0
-2.3025850929940455,5.4514675460417115,6.0428703351678825,normal.,0
-2.3025850929940455,5.793318439967056,8.736184132567203,normal.,0
-2.3025850929940455,5.617134667930529,8.087056220502424,normal.,0
-2.3025850929940455,6.137943013486706,9.00123531821581,normal.,0
-2.3025850929940455,5.43415858945945,6.331679770008029,normal.,0
-2.3025850929940455,5.720639591722624,5.242275975664412,normal.,0
-2.3025850929940455,5.889154928283412,9.292942877492967,normal.,0
-2.3025850929940455,5.513831890697755,6.098298976021809,normal.,0
-2.3025850929940455,5.677096209393695,6.738270970989674,normal.,0
-2.3025850929940455,5.384953673207583,11.79593739928319,normal.,0
-2.3025850929940455,5.765504533284198,6.508918157164194,normal.,0
-2.3025850929940455,5.591360045241914,9.953995288453402,normal.,0
-2.3025850929940455,5.485211785187126,6.5986452591167355,normal.,0
-2.3025850929940455,5.273512247629066,6.3597468640884305,normal.,0
-2.3025850929940455,5.43415858945945,8.922271558082903,normal.,0
-2.3025850929940455,5.481055503227208,6.030925615988895,normal.,0
-2.3025850929940455,5.429784129290343,9.262752540190899,normal.,0
-2.3025850929940455,5.6736668507515775,7.466284762817138,normal.,0
-2.3025850929940455,5.533784667551078,6.88356504018092,normal.,0
-2.3025850929940455,5.74652262833236,8.380020893016773,normal.,0
-2.3025850929940455,5.900171288661591,5.6061696457892,normal.,0
4.991112627607392,5.790265934544339,5.61349300330874,normal.,0
-2.3025850929940455,5.60248775650462,8.157972151782142,normal.,0
-2.3025850929940455,5.863915226161007,7.377821406274829,normal.,0
-2.3025850929940455,5.849612922867741,10.049408748574644,normal.,0
-2.3025850929940455,5.723911845951367,5.981666704627871,normal.,0
2.4069451083182885,10.176567277766345,7.286260205507518,back.,1
-2.3025850929940455,5.723911845951367,8.489020028732643,normal.,0
-2.3025850929940455,5.863915226161007,7.654016595191568,normal.,0
2.89591193827178,5.826295049131593,5.652839995918626,normal.,0
-2.3025850929940455,5.313698468586339,10.034169263672506,normal.,0
-2.3025850929940455,5.61349300330874,9.213046706546898,normal.,0
-2.3025850929940455,5.4165447479126865,8.85325105648313,normal.,0
-2.3025850929940455,5.875211590283732,8.978547018754304,normal.,0
-2.3025850929940455,5.366443195595637,9.312093388426387,normal.,0
-2.3025850929940455,5.3986150878634005,5.620763118936109,normal.,0
-2.3025850929940455,5.501666290534067,6.5793900912548215,normal.,0
-2.3025850929940455,5.808442745199634,7.971810628841536,normal.,0
-2.3025850929940455,5.656341400056065,6.7868298110532566,normal.,0
-2.3025850929940455,5.513831890697755,7.036236440630677,normal.,0
1.9600947840472698,9.92525393667358,7.286260205507518,back.,1
0.7419373447293773,9.851146340853939,8.384826834160096,back.,1
-2.3025850929940455,5.680513847716846,6.684736719856078,normal.,0
-2.3025850929940455,5.5649034757050835,8.970190529969718,normal.,0
-2.3025850929940455,5.5649034757050835,6.889693136163729,normal.,0
-2.3025850929940455,5.8114403493627105,8.980562361225802,normal.,0
-2.3025850929940455,5.342812606434588,8.689144495869002,normal.,0
-2.3025850929940455,5.357057861570636,8.109856332675276,normal.,0
-2.3025850929940455,5.19351225218191,8.629467749898158,normal.,0
1.8082887711792655,-2.3025850929940455,-2.3025850929940455,ipsweep.,1
-2.3025850929940455,5.403127730900382,8.834642782190924,normal.,0
-2.3025850929940455,5.59508305773286,6.155070385705995,normal.,0
-2.3025850929940455,5.489350863944013,8.57924737915151,normal.,0
-2.3025850929940455,5.513831890697755,8.101404982984999,normal.,0
-2.3025850929940455,5.481055503227208,5.5801071132949795,normal.,0
-2.3025850929940455,5.380358076884246,6.5597568705223015,normal.,0
-2.3025850929940455,5.252796851246227,6.21879930304066,normal.,0
-2.3025850929940455,5.2988172415896875,7.789495973096885,normal.,0
-2.3025850929940455,5.521860837883573,8.719170305868634,normal.,0
-2.3025850929940455,5.707442435487688,6.7823054282647215,normal.,0
-2.3025850929940455,5.768633446975818,9.38118802119651,normal.,0
-2.3025850929940455,5.727173427446777,5.984188138137206,normal.,0
-2.3025850929940455,5.4120923808068815,7.677909795902867,normal.,0
-2.3025850929940455,5.5258512661635395,7.169426996001687,normal.,0
-2.3025850929940455,5.808442745199634,7.746343895192255,normal.,0
1.410986973710262,10.906691489914584,9.025708147644988,back.,1
-2.3025850929940455,5.799395638859147,7.742445423651686,normal.,0
-2.3025850929940455,5.617134667930529,7.789081825820197,normal.,0
-2.3025850929940455,5.43415858945945,8.685263682440333,normal.,0
-2.3025850929940455,5.826295049131593,8.4904589962136,normal.,0
-2.3025850929940455,5.481055503227208,8.450647323572339,normal.,0
-2.3025850929940455,5.774862056337153,7.355704998696456,normal.,0
-2.3025850929940455,5.094363509626968,8.369412182096656,normal.,0
-2.3025850929940455,5.43415858945945,9.362383117384208,normal.,0
-2.3025850929940455,5.429784129290343,6.946110232858601,normal.,0
-2.3025850929940455,5.85821882796062,8.070312162448483,normal.,0
-2.3025850929940455,5.707442435487688,5.680513847716846,normal.,0
-2.3025850929940455,5.352331954854275,7.639690386749343,normal.,0
-2.3025850929940455,5.652839995918626,7.177858749159625,normal.,0
-2.3025850929940455,5.293807211070151,6.888674391169345,normal.,0
-2.3025850929940455,5.384953673207583,7.964885633195306,normal.,0
-2.3025850929940455,5.68391984555995,7.108325969443955,normal.,0
-2.3025850929940455,5.919162635352577,6.393757964050511,normal.,0
-2.3025850929940455,5.6315701405422764,10.376583271341875,normal.,0
-2.3025850929940455,5.723911845951367,7.481612038350758,normal.,0
-2.3025850929940455,5.687314281948894,7.319268725624505,normal.,0
-2.3025850929940455,5.642261618007951,6.685985783221071,normal.,0
-2.3025850929940455,5.6598305871270185,9.903592547024013,normal.,0
-2.3025850929940455,5.787204082795274,7.161699579449059,normal.,0
-2.3025850929940455,5.700777965635902,5.768633446975818,normal.,0
-2.3025850929940455,10.41439617285781,7.979373141251269,back.,1
-2.3025850929940455,5.347583607850955,6.388729458650807,normal.,0
